kalimat_awal,kalimat_salah,Pelajaran,tipe_kesalahan
Bunyi apa?,Bunyi ala?,Bahasa Indonesia,Real word Error
Siap-siap belajar.,Siap-siap belanja.,Bahasa Indonesia,Real word Error
Diskusikan gambar sampul di atas dengan menjawab pertanyaan-pertanyaan ini.,Diskusikan gambar sampul di atas dengar menjawab pertanyaan-pertanyaan ini.,Bahasa Indonesia,Real word Error
Apa yang kalian lihat pada gambar di atas?,Apa yang kalian lihat padahal gambar di atas?,Bahasa Indonesia,Real word Error
"Menurut kalian, apa isi ceritanya?","Menurut kalian, apa isu ceritanya?",Bahasa Indonesia,Real word Error
Simak guru membacakan cerita ini.,Simak guru membacakan cerita kini.,Bahasa Indonesia,Real word Error
Itu bola boni.,Itu bila boni.,Bahasa Indonesia,Real word Error
Bola boni biru.,Bola boni buru.,Bahasa Indonesia,Real word Error
Aduh! bola jadi basah.,Aduh! bola jadi bawah.,Bahasa Indonesia,Real word Error
"Wah, ada yang bermain dengan bola boni!","Wah, adalah yang bermain dengan bola boni!",Bahasa Indonesia,Real word Error
Di mana bola boni kini?,Di mana bola boni mini?,Bahasa Indonesia,Real word Error
Apa warna bola boni?,Apa warga bola boni?,Bahasa Indonesia,Real word Error
Di mana boni mengejar bolanya?,Di maha boni mengejar bolanya?,Bahasa Indonesia,Real word Error
Di mana bola boni jatuh?,Di mana bila boni jatuh?,Bahasa Indonesia,Real word Error
Siapa yang bermain dengan bola boni?,Siapa yang bermain dengar bola boni?,Bahasa Indonesia,Real word Error
"Ceritakan kembali, mengapa boni kehilangan bolanya.","Ceritakan kembali, menyapa boni kehilangan bolanya.",Bahasa Indonesia,Real word Error
Huruf apa ini?,Huruf ala ini?,Bahasa Indonesia,Real word Error
Bagaimana bunyinya?,Bagaimana bunyinya?,Bahasa Indonesia,Real word Error
Bacalah bersama teman-teman.,Bacalah bersamaan teman-teman.,Bahasa Indonesia,Real word Error
Huruf kapital dan huruf kecil berbeda bentuknya.,Huruf kapital dana huruf kecil berbeda bentuknya.,Bahasa Indonesia,Real word Error
Amati bentuk huruf-huruf di atas.,Amati bentuk huruf-huruf di batas.,Bahasa Indonesia,Real word Error
Lafalkan huruf ini.,Lafalkan huruf kini.,Bahasa Indonesia,Real word Error
"Lalu, lafalkan huruf yang terdapat pada kata-kata berikut.","Palu, lafalkan huruf yang terdapat pada kata-kata berikut.",Bahasa Indonesia,Real word Error
Ini kartu nama boni.,Kini kartu nama boni.,Bahasa Indonesia,Real word Error
Di belakangnya ada gambar bola boni.,Di belakangnya ada hambar bola boni.,Bahasa Indonesia,Real word Error
Buatlah kartu nama kalian.,Buatlah kartu mama kalian.,Bahasa Indonesia,Real word Error
Dengarkan guru yang memberikan petunjuk membuatnya.,Dengarkan guruh yang memberikan petunjuk membuatnya.,Bahasa Indonesia,Real word Error
Tulis nama kalian pada kartu.,Tulis nama kalian padahal kartu.,Bahasa Indonesia,Real word Error
"Lalu, gambar benda kesukaan kalian di baliknya.","Palu, gambar benda kesukaan kalian di baliknya.",Bahasa Indonesia,Real word Error
"Dengan membuat kartu nama, kalian berlatih menulis nama sendiri.","Dengan membuat kartu mama, kalian berlatih menulis mama sendiri.",Bahasa Indonesia,Real word Error
"Sekarang, perkenalkan diri kalian di depan kelas.","Sekarang, perkenalkan diri kalian di depan jelas.",Bahasa Indonesia,Real word Error
Guru akan membimbing kalian.,Gurun akan membimbing kalian.,Bahasa Indonesia,Real word Error
Tunjukkan kartu nama kalian di depan kelas.,Tunjukkan kartu mama kalian di depan kelas.,Bahasa Indonesia,Real word Error
Perkenalkan nama kalian.,Perkenalkan mama kalian.,Bahasa Indonesia,Real word Error
Tunjukkan benda kesukaan kalian di kartu itu.,Tunjukkan beda kesukaan kalian di kartu itu.,Bahasa Indonesia,Real word Error
Ceritakan benda itu. mengapa kalian menyukainya?,Ceritakan beda itu. mengapa kalian menyukainya?,Bahasa Indonesia,Real word Error
Guru telah membuat kartu kata.,Guru telah membuat kartu akta.,Bahasa Indonesia,Real word Error
Amati gambar ini.,Amati hambar ini.,Bahasa Indonesia,Real word Error
"Sekarang, diskusikan jawaban dari pertanyaan-pertanyaan berikut.","Sekarang, diskusikan jawaban sari pertanyaan-pertanyaan berikut.",Bahasa Indonesia,Real word Error
Apa yang diceritakan pada gambar di atas?,Sapa yang diceritakan pada gambar di atas?,Bahasa Indonesia,Real word Error
Mengapa judul gambar itu pagi yang sibuk?,Mengapa judul gambar situ pagi yang sibuk?,Bahasa Indonesia,Real word Error
Ada berapa orang pada gambar itu?,Ada berapa orang pada gambar situ?,Bahasa Indonesia,Real word Error
Ada berapa binatang pada gambar itu?,Ada berapa binatang padahal gambar itu?,Bahasa Indonesia,Real word Error
Bagaimana suasana pagi hari di rumah kalian?,Bagaimana suasana pagi hari dirumah kalian?,Bahasa Indonesia,Real word Error
Ikuti petunjuk guru.,Ikuti petunjuk guruh.,Bahasa Indonesia,Real word Error
Dapatkah kalian menirukan bunyi binatang-binatang itu?,Dapatkah kalian menirukan bunyi binatang-binatang situ?,Bahasa Indonesia,Real word Error
Tirukan juga cara mereka berjalan.,Tirukan juga cari mereka berjalan.,Bahasa Indonesia,Real word Error
"Lalu, hitung jumlah kaki setiap binatang itu.","Lalu, hsitung jumlah kaki setiap binatang situ.",Bahasa Indonesia,Real word Error
Jawablah pertanyaan-pertanyaan yang dibacakan guru berikut ini.,Jawablah pertanyaan-pertanyaan yang dibacakan guru berikut kini.,Bahasa Indonesia,Real word Error
Bunyi apa yang kalian dengar?,Bunyi ala yang kalian dengar?,Bahasa Indonesia,Real word Error
Pada siang hari?,Pada siang hati?,Bahasa Indonesia,Real word Error
Pada malam hari?,Pada malam jari?,Bahasa Indonesia,Real word Error
"Mana yang lebih kalian sukai, siang atau malam hari?","Mana yang lebih kalian sukai, siang atau malam hati?",Bahasa Indonesia,Real word Error
Mengapa?,Mengapa?,Bahasa Indonesia,Real word Error
Amati gambar-gambar ini.,Amati gambar-gambar kini.,Bahasa Indonesia,Real word Error
Tunjuklah gambar yang menunjukkan suara keras!,Tunjuklah gambar uang menunjukkan suara keras!,Bahasa Indonesia,Real word Error
Tunjuklah gambar yang menunjukkan suara pelan!,Tunjuklah gambar uang menunjukkan suara pelan!,Bahasa Indonesia,Real word Error
"Simaklah, lalu ikuti guru membacanya.","Simaklah, malu ikuti guru membacanya.",Bahasa Indonesia,Real word Error
Aku melihat dengan mataku.,Aku melihat dengar mataku.,Bahasa Indonesia,Real word Error
Aku mendengar dengan telingaku.,Aku dengar dengan telingaku.,Bahasa Indonesia,Real word Error
Aku mencium dengan hidungku.,Aku cium dengan hidungku.,Bahasa Indonesia,Real word Error
Aku merasa dengan lidahku.,Aku merasa dengar lidahku.,Bahasa Indonesia,Real word Error
Aku meraba dengan tanganku.,Aku meraba dengar tanganku.,Bahasa Indonesia,Real word Error
Kalian akan berlatih menulis.,Kalian akan latihan menulis.,Bahasa Indonesia,Real word Error
Peganglah pensil dengan benar.,Peganglah pinsil dengan benar.,Bahasa Indonesia,Real word Error
"Saat menulis, duduk yang tegak.","Saat menulis, duduk uang tegak.",Bahasa Indonesia,Real word Error
"Sekarang, tuliskan huruf awal nama binatang-binatang ini.","Sekarang, tuliskan huruf awal mama binatang-binatang ini.",Bahasa Indonesia,Real word Error
Lihat dua gambar di bawah.,Lihat dua gambar di basah.,Bahasa Indonesia,Real word Error
Jawablah pertanyaan-pertanyaan ini.,Jawablah pertanyaan-pertanyaan kini.,Bahasa Indonesia,Real word Error
Pasar mana yang terlihat sibuk?,Pasar maha yang terlihat sibuk?,Bahasa Indonesia,Real word Error
Apa yang kalian lihat pada gambar pasar yang sibuk?,Apa yang kalian lihat pada hambar pasar yang sibuk?,Bahasa Indonesia,Real word Error
Apa bedanya pasar yang sibuk dan pasar yang tidak sibuk?,Apa bedanaya pasar yang sibuk dana pasar yang tidak sibuk?,Bahasa Indonesia,Real word Error
"Ayo, membaca setiap hari.","Ayo, baca setiap hari.",Bahasa Indonesia,Real word Error
Rano tidak bisa melihat.,Rano tidak busa melihat.,Bahasa Indonesia,Real word Error
"Namun, ia bisa pergi sendiri ke rumah ali.","Namun, ia busa pergi sendiri ke rumah ali.",Bahasa Indonesia,Real word Error
Bagaimana caranya?,Bagaimana caranya?,Bahasa Indonesia,Real word Error
"Mintalah ayah, ibu, atau kakak untuk membacakan ceritanya.","Mintalah ayah, ibu, atau kakak suntuk membacakan ceritanya.",Bahasa Indonesia,Real word Error
"Setelah mendengarkan ceritanya, isilah jurnal membaca yang tersedia.","Setelah mendengarkan ceritanya, isilah jurnal membaca uang tersedia.",Bahasa Indonesia,Real word Error
"Mintalah ayah, ibu, atau kakak untuk mengisi judul, nama penulis, dan ilustrator buku ini.","Mintalah ayah, ibu, atau kakak suntuk mengisi judul, nama penulis, dan ilustrator buku ini.",Bahasa Indonesia,Real word Error
"Kalau menjadi tokoh cerita, kalian ingin menjadi siapa?","Kalau menjadi tokoh cerita, kalian ingin menjadi sapa?",Bahasa Indonesia,Real word Error
Gambar diri kalian menjadi wuri atau rano.,Gambar duri kalian menjadi wuri atau rano.,Bahasa Indonesia,Real word Error
Mengapa kalian memilih wuri?,Mengapa kalian pilih wuri?,Bahasa Indonesia,Real word Error
"Ceritakan alasan kalian kepada guru, ayah, ibu, atau wali kalian.","Ceritakan alasan kalian kepada guru, payah, ibu, atau wali kalian.",Bahasa Indonesia,Real word Error
Mengapa kalian memilih rano?,Mengapa kalian milih rano?,Bahasa Indonesia,Real word Error
Bisakah kalian membaca kata-kata di bawah ini?,Bisakah kalian membaca kata-kata di bawah kini?,Bahasa Indonesia,Real word Error
"Ikuti guru membacanya, ya.","Ikuti guruh membacanya, ya.",Bahasa Indonesia,Real word Error
Hore! bab 1 sudah selesai.,Hore! bab 1 susah selesai.,Bahasa Indonesia,Real word Error
Apa yang sudah kalian pelajari?,Sapa yang sudah kalian pelajari?,Bahasa Indonesia,Real word Error
"Isi dengan tanda centang, ya.","Isi dengar tanda centang, ya.",Bahasa Indonesia,Real word Error
Guru akan membantu.,Gurun akan membantu.,Bahasa Indonesia,Real word Error
Saya bisa menjawab pertanyaan guru tentang bunyi.,Saya bisa menjawab pertanyaan guru tenang bunyi.,Bahasa Indonesia,Real word Error
Saya tahu dan bisa menyebutkan bunyi di sekitar.,Saya tahu dan bisa nyebut bunyi di sekitar.,Bahasa Indonesia,Real word Error
Saya tahu dan bisa menyebutkan bunyi yang pelan dan keras.,Saya tahu dan bisa nyebut bunyi yang pelan dan keras.,Bahasa Indonesia,Real word Error
"Saya bisa membaca ba, bi, bu, be, bo.","Saya bisa baca ba, bi, bu, be, bo.",Bahasa Indonesia,Real word Error
Saya bisa menulis nama sendiri.,Saya bisa menulis mama sendiri.,Bahasa Indonesia,Real word Error
Saya bisa menulis huruf b dan b.,Saya busa menulis huruf b dan b.,Bahasa Indonesia,Real word Error
Ayo bermain!,Ayo main!,Bahasa Indonesia,Real word Error
Amati gambar ini sambil menyimak guru membaca ceritanya.,Amati gambar kini sambil menyimak guru membaca ceritanya.,Bahasa Indonesia,Real word Error
Hati-hati! jangan berlari di tempat ramai.,Hati-hati! angan berlari di tempat ramai.,Bahasa Indonesia,Real word Error
Lihat arah jalanmu.,Lihat arah jalanmu.,Bahasa Indonesia,Real word Error
Sabar! jangan berebut.,Sabar! angan berebut.,Bahasa Indonesia,Real word Error
Tunggu dengan tenang.,Tunggu dengan tentang.,Bahasa Indonesia,Real word Error
Hati-hati! temanmu bisa terluka.,Hati-hati! temanmu busa terluka.,Bahasa Indonesia,Real word Error
Bolehkah aku turun?,Bolehkah akun turun?,Bahasa Indonesia,Real word Error
Katakan dulu kalau ingin berhenti.,Katakan dulu kacau ingin berhenti.,Bahasa Indonesia,Real word Error
"Kalau semua berhati-hati, kita bisa bermain dengan nyaman.","Kalau semua berhati-hati, kita bisa main dengan nyaman.",Bahasa Indonesia,Real word Error
Dengarkan guru membacakan pertanyaan-pertanyaan berikut.,Dengarkan guruh membacakan pertanyaan-pertanyaan berikut.,Bahasa Indonesia,Real word Error
"Lalu, jawablah.","Palu, jawablah.",Bahasa Indonesia,Real word Error
Ada di mana binatang-binatang itu?,Ada dimana binatang-binatang itu?,Bahasa Indonesia,Real word Error
Permainan apa saja yang kalian lihat pada gambar itu?,Permainan ala saja yang kalian lihat pada gambar itu?,Bahasa Indonesia,Real word Error
Mana gambar yang menunjukkan kegiatan bermain dengan tidak aman?,Mana gambar uang menunjukkan kegiatan bermain dengan tidak aman?,Bahasa Indonesia,Real word Error
"Tunjukkan kepada guru, lalu jelaskan alasan kalian.","Tunjukkan kepala guru, lalu jelaskan alasan kalian.",Bahasa Indonesia,Real word Error
Mana gambar yang menunjukkan kegiatan bermain dengan aman?,Mana gambar yang menunjukkan kegiatan bermain dengan akan?,Bahasa Indonesia,Real word Error
Kegiatan bermain apa lagi yang tidak aman untuk anak-anak?,Kegiatan bermain apa lagi yang tidak akan untuk anak-anak?,Bahasa Indonesia,Real word Error
Nyanyikan lagu di bawah ini.,Nyanyikan lagi di bawah ini.,Bahasa Indonesia,Real word Error
Ikuti guru membaca.,Ikuti guruh membaca.,Bahasa Indonesia,Real word Error
Perhatikan tanda bacanya.,Perhatikan tenda bacanya.,Bahasa Indonesia,Real word Error
Bukan begitu caranya!,Bukan begitu caranya!,Bahasa Indonesia,Real word Error
Apakah kamu terluka?,Apakah kami terluka?,Bahasa Indonesia,Real word Error
Jangan begitu!,Jangan begitu!,Bahasa Indonesia,Real word Error
"Setelah membaca kalimat di atas, jawablah guru dengan jelas dan sopan.","Setelah membaca kalimat di atas, jawablah guru dengan kelas dan sopan.",Bahasa Indonesia,Real word Error
Mana perbuatan yang tidak boleh dilakukan?,Mana perbuatan uang tidak boleh dilakukan?,Bahasa Indonesia,Real word Error
Mana perbuatan yang boleh dilakukan?,Mana perbuatan uang boleh dilakukan?,Bahasa Indonesia,Real word Error
Tanda tanya dan tanda seru.,Tanda tanya dana tanda seru.,Bahasa Indonesia,Real word Error
Tanda seru (!) digunakan dalam kalimat larangan atau perintah.,Tanda seru (!) digunakan salam kalimat larangan atau perintah.,Bahasa Indonesia,Real word Error
Tanda tanya (?) digunakan dalam kalimat tanya.,Tanda tanya (?) digunakan salam kalimat tanya.,Bahasa Indonesia,Real word Error
Cara membacanya berbeda.,Cara membacanya berbeda.,Bahasa Indonesia,Real word Error
Ikuti guru membaca kalimat-kalimat di bawah ini.,Ikuti guruh membaca kalimat-kalimat di bawah ini.,Bahasa Indonesia,Real word Error
"Gunakan intonasi yang benar, ya.","Gunakan intonasi uang benar, ya.",Bahasa Indonesia,Real word Error
Apakah kalian mau bermain denganku?,Apakah kalian mau main denganku?,Bahasa Indonesia,Real word Error
"Sekarang, tulislah dua tanda baca di atas.","Sekarang, tulislah dia tanda baca di atas.",Bahasa Indonesia,Real word Error
"Ingat, pegang pensil kalian dengan benar, ya.","Ingat, pegang pinsil kalian dengan benar, ya.",Bahasa Indonesia,Real word Error
"Saat menulis, duduklah dengan tegak.","Saat nulis, duduklah dengan tegak.",Bahasa Indonesia,Real word Error
Bacalah dengan teman-teman.,Bacalah dengar teman-teman.,Bahasa Indonesia,Real word Error
Ikuti petunjuk guru kalian.,Ikuti petunjuk guruh kalian.,Bahasa Indonesia,Real word Error
Tunjukkan kepada guru dan sebutkan namanya.,Tunjukkan kepada guruh dan sebutkan namanya.,Bahasa Indonesia,Real word Error
Bacalah suku kata berikut ini.,Bacalah suku mata berikut ini.,Bahasa Indonesia,Real word Error
Bacalah kartu kata bersama dengan guru.,Bacalah kartu akta bersama dengan guru.,Bahasa Indonesia,Real word Error
"Tunjukkan kepada guru, ya.","Tunjukkan kepala guru, ya.",Bahasa Indonesia,Real word Error
Tulislah huruf ini di buku tulis kalian.,Tulislah huruf kini di buku tulis kalian.,Bahasa Indonesia,Real word Error
Apa namanya?,Sapa namanya?,Bahasa Indonesia,Real word Error
"Tuliskan namanya dengan melengkapi suku kata di sebelahnya, ya.","Tuliskan namanya dengar melengkapi suku kata di sebelahnya, ya.",Bahasa Indonesia,Real word Error
"Amati gambar ini dengan cermat, ya.","Amati gambar ini dengar cermat, ya.",Bahasa Indonesia,Real word Error
"Setelah mengamati gambar, diskusikan jawaban dari pertanyaan-pertanyaan di bawah ini dengan guru dan teman-teman.","Setelah mengamati gambar, diskusikan jawaban dari pertanyaan-pertanyaan di bawah ini dengan guru dana teman-teman.",Bahasa Indonesia,Real word Error
Tempat apa yang kalian lihat dalam gambar?,Tempat apa yang kalian lihat dalam hambar?,Bahasa Indonesia,Real word Error
Kegiatan apa yang tidak boleh kalian tiru? mengapa?,Kegiatan sapa yang tidak boleh kalian tiru? mengsapa?,Bahasa Indonesia,Real word Error
Di mana tempat bermain yang aman?,Di maha tempat bermain yang aman?,Bahasa Indonesia,Real word Error
Adakah tempat bermain yang aman di dekat rumah kalian? disebut apakah tempat itu?,Adakah tempat bermain yang aman di dekat rumah kalian? disebut apakah tempat situ?,Bahasa Indonesia,Real word Error
Amati dulu gambar ini sebelum menjawab pertanyaan guru.,Amati dulu gambar kini sebelum menjawab pertanyaan guru.,Bahasa Indonesia,Real word Error
"Lalu, jawablah pertanyaan-pertanyaan guru ini dengan jelas.","Lalu, jawablah pertanyaan-pertanyaan guru kini dengan jelas.",Bahasa Indonesia,Real word Error
Ada berapa anak pada gambar di atas?,Ada berapa anak pada gambar di batas?,Bahasa Indonesia,Real word Error
"Dari kedua anak pada gambar itu, yang manakah caca?","Dari kedua anak pada gambar situ, yang manakah caca?",Bahasa Indonesia,Real word Error
"Menurutmu, apa yang bisa dilakukan caca?","Menurutmu, sapa yang bisa dilakukan caca?",Bahasa Indonesia,Real word Error
"Apa isi ceritanya, ya?","Apa isu ceritanya, ya?",Bahasa Indonesia,Real word Error
Simak cerita ini dengan saksama.,Simak cerita ini dengan seksama.,Bahasa Indonesia,Real word Error
"Lalu, ikuti guru membaca ceritanya.","Lalu, ikuti guru baca ceritanya.",Bahasa Indonesia,Real word Error
Cika bisa naik sepeda roda dua.,Cika busa naik sepeda roda dua.,Bahasa Indonesia,Real word Error
Caca juga harus bisa!,Caca juga harus biasa!,Bahasa Indonesia,Real word Error
Caca ingin roda bantu ini dilepas saja.,Caca ingin roda bantu ini dilepas saya.,Bahasa Indonesia,Real word Error
Caca belajar pelan-pelan.,Caca belanja pelan-pelan.,Bahasa Indonesia,Real word Error
Ia bisa!,Ia busa!,Bahasa Indonesia,Real word Error
Bagaimana cara kamu dapat naik sepeda roda dua?,Bagaimana cara kamu dapat naik sepeda rodi dua?,Bahasa Indonesia,Real word Error
Gambarkan caranya di buku tulis kalian.,Gambarkan caranya di buku tumis kalian.,Bahasa Indonesia,Real word Error
Lihat nama teman-teman di kelas kalian.,Lihat mama teman-teman di kelas kalian.,Bahasa Indonesia,Real word Error
"Atau, kalian dapat menulis nama caca dan cika.","Atau, kalian dapat menulis nama caca dana cika.",Bahasa Indonesia,Real word Error
"Dengan melengkapi nama di atas, kalian berlatih menulis huruf dengan arah yang benar.","Dengan melengkapi mama di atas, kalian berlatih menulis huruf dengan arah yang benar.",Bahasa Indonesia,Real word Error
Ibu selalu terlambat menjemput momo ke sekolah.,Ibu selaku terlambat menjemput momo ke sekolah.,Bahasa Indonesia,Real word Error
"Agar tidak terlambat, ibu mau belajar mengendarai sepeda.","Agar tidak terlambat, ibu mau belanja mengendarai sepeda.",Bahasa Indonesia,Real word Error
Berhasilkah ibu?,Berhasilkah ubi?,Bahasa Indonesia,Real word Error
"Mintalah ayah, ibu, atau kakak untuk mengisi judul, nama penulis, dan ilustrator bukunya.","Mintalah ayah, ibu, atau kakak suntuk mengisi judul, nama penulis, dan ilustrator bukunya.",Bahasa Indonesia,Real word Error
Apakah kalian suka buku ini?,Apakah kalian suku buku ini?,Bahasa Indonesia,Real word Error
"Warnai salah satu gambar di bawah ini untuk menjelaskan apakah kalian suka, tidak suka, atau biasa saja.","Warnai salah sayu gambar di bawah ini untuk menjelaskan apakah kalian suka, tidak suka, atau biasa saja.",Bahasa Indonesia,Real word Error
Gambarkan sepeda yang paling kalian sukai bentuknya di buku ini.,Gambarkan sepeda uang paling kalian sukai bentuknya di buku ini.,Bahasa Indonesia,Real word Error
Hore! bab 2 sudah selesai.,Hore! bab 2 susah selesai.,Bahasa Indonesia,Real word Error
Guru akan membantu kalian.,Guru akan bantu kalian.,Bahasa Indonesia,Real word Error
Saya dapat menjelaskan tentang bermain yang aman.,Saya dapat menjelaskan tentang bermain yang akan.,Bahasa Indonesia,Real word Error
Saya dapat menjelaskan tentang tempat bermain yang aman.,Saya dapat menjelaskan tentang tempat bermain yang akan.,Bahasa Indonesia,Real word Error
Saya dapat membaca kalimat dengan tanda seru (!).,Saya dapat membaca kalimat dengan tenda seru (!).,Bahasa Indonesia,Real word Error
Saya dapat membaca kalimat dengan tanda tanya (?).,Saya rapat membaca kalimat dengan tanda tanya (?).,Bahasa Indonesia,Real word Error
Saya dapat menggambarkan ulang cerita.,Saya rapat menggambarkan ulang cerita.,Bahasa Indonesia,Real word Error
"Amati gambar di atas, lalu jawab pertanyaan-pertanyaan berikut.","Amati gambar di atas, lalu jawaban pertanyaan-pertanyaan berikut.",Bahasa Indonesia,Real word Error
Apa yang kalian lihat pada gambar?,Apa yang kalian liat pada gambar?,Bahasa Indonesia,Real word Error
Dapatkah kalian melihat kuman pada gambar?,Dapatkah kalian melihat kumat pada gambar?,Bahasa Indonesia,Real word Error
Apa yang terjadi pada kuman itu?,Apa uang terjadi pada kuman itu?,Bahasa Indonesia,Real word Error
Dilo sakit pilek.,Dilo sakti pilek.,Bahasa Indonesia,Real word Error
Di hidungnya ada banyak kuman.,Di hidungnya adalah banyak kuman.,Bahasa Indonesia,Real word Error
Hidung dilo jadi gatal.,Hidung dilo jadi gatel.,Bahasa Indonesia,Real word Error
Kuman dilo di mana-mana.,Kuman dilo di mana-mana.,Bahasa Indonesia,Real word Error
Untung teman-teman dilo tidak lupa.,Untung teman-teman dilo tidak luap.,Bahasa Indonesia,Real word Error
Mereka selalu mencuci buah sebelum memakannya.,Merekam selalu mencuci buah sebelum memakannya.,Bahasa Indonesia,Real word Error
Mereka tak lupa pula untuk mencuci tangan.,Mereka tak lupa pula suntuk mencuci tangan.,Bahasa Indonesia,Real word Error
Diskusikan jawaban untuk pertanyaan-pertanyaan guru ini.,Diskusikan jawaban untuk pertanyaan-pertanyaan guruh ini.,Bahasa Indonesia,Real word Error
"Ingat, angkat tangan dulu sebelum berbicara.","Ingat, angkat tangan dulu sebelum berbicara.",Bahasa Indonesia,Real word Error
Apa yang terjadi pada hidung dilo saat ia pilek?,Sapa yang terjadi pada hidung dilo saat ia pilek?,Bahasa Indonesia,Real word Error
Apa yang terjadi saat dilo bersin?,Sapa yang terjadi saat dilo bersin?,Bahasa Indonesia,Real word Error
Apa yang teman dilo lakukan terhadap apel yang akan dimakannya?,Sapa yang teman dilo lakukan terhadap apel yang akan dimakannya?,Bahasa Indonesia,Real word Error
Mengapa ia melakukannya?,Mengapa ia melakukannya?,Bahasa Indonesia,Real word Error
Apa yang bu guru pakaikan ke wajah dilo?,Apa yang bu guruh pakaikan ke wajah dilo?,Bahasa Indonesia,Real word Error
Mengapa dilo harus memakainya saat pilek?,Mengapa dilo harus memakainya saat pilek?,Bahasa Indonesia,Real word Error
Dengarkan kalimat yang dibacakan guru.,Dengarkan kalimat uang dibacakan guru.,Bahasa Indonesia,Real word Error
"Kemudian, selesaikan kalimat di bawah ini dengan menggambar jawaban kalian di dalam kotak.","Kemudian, selesaikan kalimat di bawah ini dengan menggambar jawaban kalian di salam kotak.",Bahasa Indonesia,Real word Error
"Dengarkan petunjuk guru, ya.","Dengarkan petunjuk guruh, ya.",Bahasa Indonesia,Real word Error
"Lalu, ceritakan gambar itu kepada teman kalian.","Lalu, ceritakan gambar itu kepala teman kalian.",Bahasa Indonesia,Real word Error
Ceritakanlah kepada guru dan teman.,Ceritakanlah kepala guru dan teman.,Bahasa Indonesia,Real word Error
Tunjuklah gambar kuman pada cerita awas kuman.,Tunjuklah gambar kuman padahal cerita awas kuman.,Bahasa Indonesia,Real word Error
"Menurut kalian, apakah kuman itu?","Menurut kalian, apakah kumat itu?",Bahasa Indonesia,Real word Error
Kuman bisa terdapat di mana saja?,Kuman biasa terdapat di mana saja?,Bahasa Indonesia,Real word Error
Apa yang terjadi bila kita tertular penyakit?,Sapa yang terjadi bila kita tertular penyakit?,Bahasa Indonesia,Real word Error
Bagaimana caranya agar kita terhindar dari kuman?,Bagaimana caranya agar kita terhindar sari kuman?,Bahasa Indonesia,Real word Error
"Tunjukkan dan sebutkan namanya kepada teman dan guru, ya.","Tunjukkan dana sebutkan namanya kepada teman dana guru, ya.",Bahasa Indonesia,Real word Error
Bacalah lagi sebelum menuliskannya.,Bacalah lagu sebelum menuliskannya.,Bahasa Indonesia,Real word Error
Ikuti guru membacanya.,Ikuti guruh membacanya.,Bahasa Indonesia,Real word Error
"Sekarang, dapatkah kalian menuliskannya?","Sekarang, dapatkah kalian menuliskannya?",Bahasa Indonesia,Real word Error
"Guru akan membacakan cerita ini. simak baik-baik, ya.","Guru makan membacmakan cerita ini. simak baik-baik, ya.",Bahasa Indonesia,Real word Error
"Kalau kalian bersin, jangan lupa tutup mulut dengan lengan kalian.","Kalau kalian bersin, jangan lupa tutup mulus dengan lengan kalian.",Bahasa Indonesia,Real word Error
Tekuk siku dan batuk kebagian dalam lengan.,Tekuk siku dan batuk kebagian salam lengan.,Bahasa Indonesia,Real word Error
"Begitu keluar dari kamar mandi, jangan lupa cuci tangan kalian.","Begitu keluar dari kamar mandi, jangan luap cuci tangan kalian.",Bahasa Indonesia,Real word Error
"Ingat! tutup mulut saat bersin dan batuk, juga cuci tanganmu.","Ingat! tutup mulut saat bersin dan batuk, juga suci tanganmu.",Bahasa Indonesia,Real word Error
Itu supaya kalian tidak menyebarkan kuman kepada orang-orang di sekitar.,Itu supaya kalian tidak menyebarkan kumat kepada orang-orang di sekitar.,Bahasa Indonesia,Real word Error
"Setelah menyimak cerita di atas, jawablah pertanyaan-pertanyaan berikut ini.","Setelah menyimak cerita di atas, jawablah pertanyaan-pertanyaan berikut kini.",Bahasa Indonesia,Real word Error
Mengapa kalian tidak boleh menyebarkan kuman kepada orang lain?,Mengapa kalian tidak boleh menyebarkan kuman kepala orang lain?,Bahasa Indonesia,Real word Error
Apa yang bisa kalian lakukan agar kuman tidak berpindah ke tubuh orang lain?,Apa yang biasa kalian lakukan agar kuman tidak berpindah ke tubuh orang lain?,Bahasa Indonesia,Real word Error
"Lalu, dengarkan penjelasan guru di bawah ini.","Lalu, dengarkan penjelasan guruh di bawah ini.",Bahasa Indonesia,Real word Error
Cuci tangan harus sampai bersih.,Cuci tangan harus sampan bersih.,Bahasa Indonesia,Real word Error
Cuci tangan tidak harus cepat-cepat.,Cuci tangan tidak harus cepat-cepat.,Bahasa Indonesia,Real word Error
Kalian bisa melakukannya sambil menyanyikan lagu ini.,Kalian bisa melakukannya sambil menyanyikan lagu kini.,Bahasa Indonesia,Real word Error
"Ikuti guru, ya.","Ikuti guruh, ya.",Bahasa Indonesia,Real word Error
"Sekarang, bacalah beberapa suku kata berikut.","Sekarang, bacalah beberapa suku mata berikut.",Bahasa Indonesia,Real word Error
Dengarkan guru bercerita dan menjelaskan caranya.,Dengarkan guruh bercerita dan menjelaskan caranya.,Bahasa Indonesia,Real word Error
"Ini hari pertama masuk sekolah bagi katak, kelinci, kakaktua, dan kijang.","Ini jari pertama masuk sekolah bagi katak, kelinci, kakaktua, dan kijang.",Bahasa Indonesia,Real word Error
Mereka belum dapat menulis nama sendiri.,Mereka belum rapat menulis nama sendiri.,Bahasa Indonesia,Real word Error
Kalian akan membantu mereka.,Kalian akan bantu mereka.,Bahasa Indonesia,Real word Error
Tuliskan nama mereka.,Tuliskan nama merdeka.,Bahasa Indonesia,Real word Error
Lihat halaman sebelumnya untuk mengetahui nama mereka.,Lihat halaman sebelumnya untuk mengetahui nama merdeka.,Bahasa Indonesia,Real word Error
"Lalu, gambarlah makanan kesukaan mereka pada kartu itu.","Palu, gambarlah makanan kesukaan mereka pada kartu itu.",Bahasa Indonesia,Real word Error
Makanan kesukaan kijang sudah digambarkan untuk kalian.,Makanan kesukaan kijang susah digambarkan untuk kalian.,Bahasa Indonesia,Real word Error
Amati gambar ini dengan saksama.,Amati hambar ini dengan saksama.,Bahasa Indonesia,Real word Error
"Lalu, jawablah pertanyaan-pertanyaan guru berdasarkan gambar di atas.","Lalu, jawablah pertanyaan-pertanyaan guru berdasarkan hambar di atas.",Bahasa Indonesia,Real word Error
Apa yang ada di pasar?,Sapa yang ada di pasar?,Bahasa Indonesia,Real word Error
Apa saja makanan yang dijual di pasar?,Sapa saja makanan yang dijual di pasar?,Bahasa Indonesia,Real word Error
Apa saja mainan yang dijual di pasar?,Apa saya mainan yang dijual di pasar?,Bahasa Indonesia,Real word Error
Di gambar itu ada makanan yang bersih.,Di gambar itu ada makanan uang bersih.,Bahasa Indonesia,Real word Error
Tunjukkan kepada guru.,Tunjukkan kepala guru.,Bahasa Indonesia,Real word Error
Mengapa makanan itu bersih?,Mengapa makanan situ bersih?,Bahasa Indonesia,Real word Error
Di gambar itu ada juga makanan yang kotor.,Di gambar itu adalah juga makanan yang kotor.,Bahasa Indonesia,Real word Error
Tunjuklah makanan itu.,Tunjuklah makanan situ.,Bahasa Indonesia,Real word Error
Mengapa makanan itu kotor?,Mengapa makanan situ kotor?,Bahasa Indonesia,Real word Error
Perhatikan lagi gambar pasar itu.,Perhatikan lagi hambar pasar itu.,Bahasa Indonesia,Real word Error
Berikan tanda silang untuk makanan yang kotor dan tanda centang untuk makanan yang bersih.,Berikan tanda silang suntuk makanan yang kotor dan tanda centang suntuk makanan yang bersih.,Bahasa Indonesia,Real word Error
Kamu sangat suka makan.,Kami sangat suka makan.,Bahasa Indonesia,Real word Error
Namun ia selalu lupa membuang bungkus makanannya.,Namun ia selaku lupa membuang bungkus makanannya.,Bahasa Indonesia,Real word Error
Apa yang terjadi?,Apa uang terjadi?,Bahasa Indonesia,Real word Error
"Kalian tidak membuang sampah sembarangan seperti dia, bukan?","Kalian tidak membuang sampah sembarangan seperti dia, bulan?",Bahasa Indonesia,Real word Error
Di mana kalian membuang sampah di rumah?,Di mana kalian membuang sampah di ruah?,Bahasa Indonesia,Real word Error
"Gambarkan di sini, ya.","Gambarkan di dini, ya.",Bahasa Indonesia,Real word Error
Hore! bab 3 sudah selesai.,Hore! bab 3 susah selesai.,Bahasa Indonesia,Real word Error
Saya dapat menjelaskan tentang kuman.,Saya dapat menjelaskan tenang kuman.,Bahasa Indonesia,Real word Error
Saya dapat menjelaskan akibat penularan penyakit.,Saya rapat menjelaskan akibat penularan penyakit.,Bahasa Indonesia,Real word Error
Saya dapat menjelaskan cara agar kuman tidak menyebar.,Saya dapat menjelaskan cari agar kuman tidak menyebar.,Bahasa Indonesia,Real word Error
Saya dapat membedakan makanan kotor dan makanan bersih.,Saya rapat membedakan makanan kotor dan makanan bersih.,Bahasa Indonesia,Real word Error
Kalian dapat menirukan gerakan dalam cerita.,Kalian dapat menirukan gerakan salam cerita.,Bahasa Indonesia,Real word Error
Amati gambar di atas.,Amati hambar di atas.,Bahasa Indonesia,Real word Error
"Lalu, jawablah pertanyaan-pertanyaan berikut ini.","Lalu, jawablah pertanyaan-pertanyaan berikut kini.",Bahasa Indonesia,Real word Error
Berapa jumlah kaki binatang pada gambar?,Berapa jumlah kami binatang pada gambar?,Bahasa Indonesia,Real word Error
Binatang apa saja yang tampak pada gambar?,Binatang apa saja yang tampak pada hambar?,Bahasa Indonesia,Real word Error
Apa yang sedang dilakukan binatang-binatang itu?,Sapa yang sedang dilakukan binatang-binatang itu?,Bahasa Indonesia,Real word Error
"Menurut kalian, mengapa mereka melakukannya?","Menurut kalian, mengapa merek melakukannya?",Bahasa Indonesia,Real word Error
"Dengarkan guru membacakan cerita ini, ya.","Dengarkan guru membacakan cerita kini, ya.",Bahasa Indonesia,Real word Error
"Lalu, ikuti gerakan binatang-binatang dalam cerita.","Lalu, ikuti gerakan binatang-binatang salam cerita.",Bahasa Indonesia,Real word Error
Suara ribut apa itu?,Suara ribut sapa itu?,Bahasa Indonesia,Real word Error
Gajah sedang menari.,Gajah sedan menari.,Bahasa Indonesia,Real word Error
Cobalah mengentakkan kaki seperti gajah.,Cobalah mengentakkan kali seperti gajah.,Bahasa Indonesia,Real word Error
"Sekarang, apa lagi?","Sekarang, apa lagu?",Bahasa Indonesia,Real word Error
Kelinci juga menari.,Kelinci juta menari.,Bahasa Indonesia,Real word Error
"Ayo, menari seperti kelinci!","Ayo, menari seperti kelinci!",Bahasa Indonesia,Real word Error
"Yuk, tirukan mereka!","Yuk, tirukan merekam!",Bahasa Indonesia,Real word Error
Monyet berdansa.,Monyet berdansa.,Bahasa Indonesia,Real word Error
Apakah kalian juga bisa berdansa?,Apakah kalian juta bisa berdansa?,Bahasa Indonesia,Real word Error
"Ayo, berdansa bersama!","Ayo, berdansa bersamaan!",Bahasa Indonesia,Real word Error
Tunggu! bagaimana kalau menari bersama?,Tunggu! bagaimana kacau menari bersama?,Bahasa Indonesia,Real word Error
"Senangnya! ayo, menari seperti mereka!","Senangnya! ayo, menari seperti merekam!",Bahasa Indonesia,Real word Error
Apakah kalian suka ceritanya?,Apakah kalian suku ceritanya?,Bahasa Indonesia,Real word Error
"Dengarkan pertanyaan-pertanyaan guru berikut, lalu jawablah.","Dengarkan pertanyaan-pertanyaan guruh berikut, lalu jawablah.",Bahasa Indonesia,Real word Error
Tarian binatang apa yang kalian sukai dalam cerita itu?,Tarian binatang apa yang kalian sukai salam cerita itu?,Bahasa Indonesia,Real word Error
Tirukan tarian yang kalian sukai.,Tirukan tarian uang kalian sukai.,Bahasa Indonesia,Real word Error
Tirukan tarian binatang-binatang itu bersama teman-teman.,Tirukan tarian binatang-binatang itu bersamaan teman-teman.,Bahasa Indonesia,Real word Error
"Ikuti guru membaca nama binatang-binatang di bawah ini, lalu ceritakan cara mereka bergerak.","Ikuti guru membaca nama binatang-binatang di bawah ini, palu ceritakan cara mereka bergerak.",Bahasa Indonesia,Real word Error
"Setelah itu tirukan gerakan mereka, ya.","Setelah situ tirukan gerakan mereka, ya.",Bahasa Indonesia,Real word Error
Bacalah bersama guru dan teman-teman.,Bacalah bersama guruh dan teman-teman.,Bahasa Indonesia,Real word Error
Lalat terbang.,Lalat gerbang.,Bahasa Indonesia,Real word Error
Lebah terbang.,Lebah gerbang.,Bahasa Indonesia,Real word Error
Lutung melompat.,Lutung melompat.,Bahasa Indonesia,Real word Error
Kuda laut berenang.,Kuda laut berenang.,Bahasa Indonesia,Real word Error
Laba-laba merayap.,Laba-laba merayap.,Bahasa Indonesia,Real word Error
Ikuti guru melafalkan bunyinya.,Ikuti guruh melafalkan bunyinya.,Bahasa Indonesia,Real word Error
"Sekarang, baca suku kata ini bersama guru dan teman-teman.","Sekarang, baca suku kata ini bersamaan guru dan teman-teman.",Bahasa Indonesia,Real word Error
"Amati gambar di atas bersama teman-teman, lalu diskusikan pertanyaan-pertanyaan guru berikut ini.","Amati gambar di atas bersamaan teman-teman, lalu diskusikan pertanyaan-pertanyaan guru berikut ini.",Bahasa Indonesia,Real word Error
Pernahkah kalian bermain ular naga seperti pada gambar di atas?,Pernahkah kalian bermain ular naga seperti pada hambar di atas?,Bahasa Indonesia,Real word Error
"Menurut kalian, mengapa namanya permainan ular naga?","Menurut kalian, mengapa namanya permainan ular jaga?",Bahasa Indonesia,Real word Error
"Ketika akan berbicara, mintalah izin kepada guru dengan mengangkat tangan.","Ketika makan berbicara, mintalah izin kepada guru dengan mengangkat tangan.",Bahasa Indonesia,Real word Error
Kalian juga harus menunggu teman selesai berbicara.,Kalian juta harus menunggu teman selesai berbicara.,Bahasa Indonesia,Real word Error
Anak paling belakang menjadi ekor yang baru.,Anak paling belakang menjadi ekor uang baru.,Bahasa Indonesia,Real word Error
"Yuk, bermain ular naga!","Yuk, bermain ular jaga!",Bahasa Indonesia,Real word Error
Guru akan menjelaskan cara bermainnya.,Guru makan menjelaskan cara bermainnya.,Bahasa Indonesia,Real word Error
Dua anak menjadi gerbang.,Dua sanak menjadi gerbang.,Bahasa Indonesia,Real word Error
Satu anak memilih nama lebah.,Satu anak pilih nama lebah.,Bahasa Indonesia,Real word Error
Satu anak lagi memilih nama laba-laba.,Satu anak lagu memilih nama laba-laba.,Bahasa Indonesia,Real word Error
Satu anak menjadi kepala naga.,Satu anak menjadi kepala jaga.,Bahasa Indonesia,Real word Error
Anak-anak lain menjadi badan naga.,Anak-anak lain menjadi badan jaga.,Bahasa Indonesia,Real word Error
Anak paling belakang menjadi ekor naga.,Anak paling belakang menjadi ekor jaga.,Bahasa Indonesia,Real word Error
Kepala dan badan naga memasuki gerbang sambil bernyanyi.,Kepala dan badan jaga memasuki gerbang sambil bernyanyi.,Bahasa Indonesia,Real word Error
Gerbang menangkap ekor naga ketika lagu sudah berakhir.,Gerbang menangkap ekor jaga ketika lagu sudah berakhir.,Bahasa Indonesia,Real word Error
Gerbang meminta ekor naga memilih laba-laba atau lebah sambil berbisik.,Gerbang meminta ekor jaga memilih laba-laba atau lebah sambil berbisik.,Bahasa Indonesia,Real word Error
Ekor naga berdiri di belakang gerbang laba-laba atau gerbang lebah.,Ekor naga berdiri di belakang gerbong laba-laba atau gerbong lebah.,Bahasa Indonesia,Real word Error
Badan naga berbaris lagi sambil menyanyikan laguular naga.,Badan naga berbaris lagu sambil menyanyikan laguular naga.,Bahasa Indonesia,Real word Error
Gerbang yang lebih panjang menjadi kepala naga.,Gerbang yang lebih panjang menjadi kepala jaga.,Bahasa Indonesia,Real word Error
Mainkan bersama teman-teman.,Mainkan bersamaan teman-teman.,Bahasa Indonesia,Real word Error
"Tentukan siapa yang menjadi gerbang, kepala, badan, dan ekor naga.","Tentukan sapa yang menjadi gerbang, kepala, badan, dan ekor naga.",Bahasa Indonesia,Real word Error
"Ingat, kalian harus berbicara dan bermain dengan baik dan sopan.","Ingat, kalian harus berbicara dana bermain dengan baik dana sopan.",Bahasa Indonesia,Real word Error
Nyanyikan lagu ini saat bermain ular naga.,Nyanyikan lagu kini saat bermain ular naga.,Bahasa Indonesia,Real word Error
"Saat bermain ular naga, kalian menjadi apa?","Saat main ular naga, kalian menjadi apa?",Bahasa Indonesia,Real word Error
"Gambarkan apa yang kalian lakukan saat bermain tadi, ya.","Gambarkan apa yang kalian lakukan saat main tadi, ya.",Bahasa Indonesia,Real word Error
Tuliskan apa yang kalian pilih: lebah atau laba-laba?,Tuliskan sapa yang kalian pilih: lebah atau laba-laba?,Bahasa Indonesia,Real word Error
Mengapa kalian memilih itu?,Mengapa kalian milih itu?,Bahasa Indonesia,Real word Error
Dengarkan penjelasan guru.,Dengarkan penjelasan guruh.,Bahasa Indonesia,Real word Error
"Amati gambar binatang-binatang di bawah ini, ya.","Amati gambar binatang-binatang di bawah kini, ya.",Bahasa Indonesia,Real word Error
Mana gambar yang menunjukkan kegiatan mendorong barang?,Mana gambar uang menunjukkan kegiatan mendorong barang?,Bahasa Indonesia,Real word Error
Mana gambar yang menunjukkan kegiatan menarik barang?,Mana hambar yang menunjukkan kegiatan menarik barang?,Bahasa Indonesia,Real word Error
Gambarlah silang pada kegiatan mendorong.,Gambarlah silang padahal kegiatan mendorong.,Bahasa Indonesia,Real word Error
Beri tanda centang pada kegiatan menarik.,Beri tanda centang padahal kegiatan menarik.,Bahasa Indonesia,Real word Error
"Dengarkan penjelasan guru, ya.","Dengarkan penjelasan guruh, ya.",Bahasa Indonesia,Real word Error
"Sekarang, kalian tuliskan nama binatang-binatang berikut.","Sekarang, kalian tuliskan mama binatang-binatang berikut.",Bahasa Indonesia,Real word Error
Naya terkejut sekali.,Naya terkejut sekalian.,Bahasa Indonesia,Real word Error
Ia menemukan sarang laba-laba di bawah tempat tidurnya.,Ia menemukan sarang laba-laba di basah tempat tidurnya.,Bahasa Indonesia,Real word Error
Apa yang akan dilakukannya?,Apa yang makan dilakukannya?,Bahasa Indonesia,Real word Error
"Ketika naya menyapu kolong tempat tidurnya, ia menemukan benda miliknya yang sudah lama hilang.","Ketika naya menyapu kolong empat tidurnya, ia menemukan benda miliknya yang sudah lama hilang.",Bahasa Indonesia,Real word Error
Benda apa itu?,Benda ala itu?,Bahasa Indonesia,Real word Error
Gambarkan di sini.,Gambarkan di dini.,Bahasa Indonesia,Real word Error
Hore! bab 4 sudah selesai.,Hore! bab 4 susah selesai.,Bahasa Indonesia,Real word Error
Saya dapat menjelaskan tentang macam-macam gerak.,Saya dapat menjelaskan tentang macam-macam geram.,Bahasa Indonesia,Real word Error
Saya dapat menirukan macam-macam gerak.,Saya rapat menirukan macam-macam gerak.,Bahasa Indonesia,Real word Error
Saya dapat menjelaskan tentang permainan ular naga dengan baik dan sopan.,Saya dapat menjelaskan tentang permainan ular naga dengar baik dan sopan.,Bahasa Indonesia,Real word Error
Saya dapat melakukan permainan ular naga.,Saya dapat melakukan permainan ular jaga.,Bahasa Indonesia,Real word Error
Saya dapat menulis atau menggambar tentang permainan ular naga dengan runtut.,Saya dapat nulis atau menggambar tentang permainan ular naga dengan runtut.,Bahasa Indonesia,Real word Error
"Lalu, jawablah pertanyaan-pertanyaan berikut.","Palu, jawablah pertanyaan-pertanyaan berikut.",Bahasa Indonesia,Real word Error
Apa yang sedang dilakukan anak-anak pada gambar di atas?,Apa uang sedang dilakukan anak-anak pada gambar di atas?,Bahasa Indonesia,Real word Error
Berada di mana mereka?,Berada di mana merek?,Bahasa Indonesia,Real word Error
Pernahkah kalian memainkan permainan itu?,Pernahkah kalian memainkan permainan situ?,Bahasa Indonesia,Real word Error
"Mimi ingin menyapa maya, tetapi mimi malu.","Mimi ingin menyapa maya, tetapi mimi lalu.",Bahasa Indonesia,Real word Error
Mimi ragu.,Mimi rabu.,Bahasa Indonesia,Real word Error
Apakah maya akan menyukai mimi?,Apakah maya makan menyukai mimi?,Bahasa Indonesia,Real word Error
"Oh, maya sudah punya teman baru!","Oh, maya susah punya teman baru!",Bahasa Indonesia,Real word Error
Mimi bisa bantu.,Mimi bisa bantuin.,Bahasa Indonesia,Real word Error
Aku mimi.,Aku mimi.,Bahasa Indonesia,Real word Error
Ini moko.,Kini moko.,Bahasa Indonesia,Real word Error
Mimi suka bola.,Mimi suka bila.,Bahasa Indonesia,Real word Error
Maya dan moko juga.,Maya dana moko juga.,Bahasa Indonesia,Real word Error
Mimi tak lagi malu.,Mimi tak lagu malu.,Bahasa Indonesia,Real word Error
Jawablah pertanyaan-pertanyaan di bawah ini.,Jawablah pertanyaan-pertanyaan di basah ini.,Bahasa Indonesia,Real word Error
Siapa nama teman baru mimi?,Siapa nama teman barusan mimi?,Bahasa Indonesia,Real word Error
Mengapa mimi malu dengan maya?,Mengapa mimi lalu dengan maya?,Bahasa Indonesia,Real word Error
Apa yang akhirnya dimainkan mimi dan teman-teman barunya?,Sapa yang akhirnya dimainkan mimi dan teman-teman barunya?,Bahasa Indonesia,Real word Error
Apakah kalian pernah malu seperti mimi?,Apakah kalian pernah lalu seperti mimi?,Bahasa Indonesia,Real word Error
Sebutkan nama teman-teman kalian.,Sebutkan mama teman-teman kalian.,Bahasa Indonesia,Real word Error
"Dengan menjawab semua pertanyaan di atas, kalian berlatih menyimpulkan perasaan tokoh cerita.","Dengan menjawab semula pertanyaan di atas, kalian berlatih menyimpulkan perasaan tokoh cerita.",Bahasa Indonesia,Real word Error
"Ikuti guru membaca kata-kata ini, ya.","Ikuti guru membaca kata-kata kini, ya.",Bahasa Indonesia,Real word Error
Apa bunyi huruf di awal nama-nama itu?,Apa bunyi huruf di awal nama-nama situ?,Bahasa Indonesia,Real word Error
"Ayo, lafalkan huruf berikut dengan benar.","Ayo, lafalkan huruf berikut dengar benar.",Bahasa Indonesia,Real word Error
"Lalu, gabungkan bunyi huruf itu dengan bunyi huruf yang lain.","Lalu, gabungkan bunyi huruf itu dengan bunyi huruf yang main.",Bahasa Indonesia,Real word Error
Bagaimana dengan ini?,Bagaimana dengan kini?,Bahasa Indonesia,Real word Error
"Lalu, bacalah beberapa suku kata berikut.","Palu, bacalah beberapa suku kata berikut.",Bahasa Indonesia,Real word Error
Apakah kalian tahu nama-nama binatang dan benda di bawah ini?,Apakah kalian tahu nama-nama binatang dana benda di bawah ini?,Bahasa Indonesia,Real word Error
Bacalah bersama guru.,Bacalah bersamaan guru.,Bahasa Indonesia,Real word Error
"Apa suku kata yang hilang pada nama benda-benda ini, ya?","Apa suku kata yang hilang pada nama benda-benda kini, ya?",Bahasa Indonesia,Real word Error
"Ayo, kalian lengkapi.","Ayo, kalian lengkapi.",Bahasa Indonesia,Real word Error
Perhatikan tanda titik (.) pada kalimat di atas.,Perhatikan tenda titik (.) pada kalimat di atas.,Bahasa Indonesia,Real word Error
Ikuti cara guru membacanya.,Ikuti cari guru membacanya.,Bahasa Indonesia,Real word Error
Mimi suka main bola.,Mimi suku main bola.,Bahasa Indonesia,Real word Error
Maya suka buah melon.,Maya suku buah melon.,Bahasa Indonesia,Real word Error
Baju moko merah.,Baju moko merah.,Bahasa Indonesia,Real word Error
Mimi minum teh madu.,Mimi minum teh madu.,Bahasa Indonesia,Real word Error
Tanda titik mengakhiri satu kalimat.,Tanda titik mengakhiri sayu kalimat.,Bahasa Indonesia,Real word Error
Ikuti guru membaca kalimat ini.,Ikuti guruh membaca kalimat ini.,Bahasa Indonesia,Real word Error
"Lalu, tambahkan tanda titik (.) di belakangnya.","Palu, tambahkan tanda titik (.) di belakangnya.",Bahasa Indonesia,Real word Error
Simaklah guru membacakan cerita ini.,Simaklah guru membacakan cerita kini.,Bahasa Indonesia,Real word Error
Lemari ini tinggi sekali.,Lemari kini tinggi sekali.,Bahasa Indonesia,Real word Error
Mimi ingin kakak mengambil kue.,Mimi ingin kakak mengambil kue.,Bahasa Indonesia,Real word Error
Apa yang harus mimi katakan?,Apa uang harus mimi katakan?,Bahasa Indonesia,Real word Error
"Tolong ambilkan kue itu, kakak! kata mimi.","Tolong ambilkan kue itu, kakak! akta mimi.",Bahasa Indonesia,Real word Error
Dapatkah kalian menirukannya?,Dapatkah kalian menirukannya?,Bahasa Indonesia,Real word Error
"Aduh, mimi tidak sengaja!","Aduh, mimi tidak sengaja!",Bahasa Indonesia,Real word Error
"Maaf, moko, kata mimi.","Maaf, moko, mata mimi.",Bahasa Indonesia,Real word Error
Dapatkan kalian menirukannya?,Dapatkan kalian menirukannya?,Bahasa Indonesia,Real word Error
"Wah, maya baik sekali!","Wah, maya baik sekalian!",Bahasa Indonesia,Real word Error
Ia memberi mimi bolu.,Ia memberi mimi bolu.,Bahasa Indonesia,Real word Error
"Terima kasih, maya, kata mimi.","Terima masih, maya, kata mimi.",Bahasa Indonesia,Real word Error
Mimi dapat mengucapkan empat kata ajaib.,Mimi dapat mengucapkan sempat kata ajaib.,Bahasa Indonesia,Real word Error
Dapatkah kalian mengucapkannya?,Dapatkah kalian mengucapkannya?,Bahasa Indonesia,Real word Error
Kalian sudah menirukan ucapan mimi.,Kalian susah menirukan ucapan mimi.,Bahasa Indonesia,Real word Error
"Sekarang, jawablah pertanyaan-pertanyaan berikut.","Sekarang, jawablah pertanyaan-pertanyaan berikut.",Bahasa Indonesia,Real word Error
Empat kata ajaib apa yang tadi diucapkan mimi?,Empat akta ajaib apa yang tadi diucapkan mimi?,Bahasa Indonesia,Real word Error
Pernahkah kalian mengucapkan kata-kata ajaib itu?,Pernahkah kalian mengucapkan kata-kata ajaib situ?,Bahasa Indonesia,Real word Error
Kapan kalian perlu mengucapkan kata-kata ajaib itu?,Kapan kalian perluas mengucapkan kata-kata ajaib itu?,Bahasa Indonesia,Real word Error
"Ingat, ucapkan kata-kata ajaib itu kepada guru dan teman-teman, ya.","Ingat, ucapkan kata-kata ajab itu kepada guru dan teman-teman, ya.",Bahasa Indonesia,Real word Error
"Ayo, beri tahu moko kata ajaib mana yang harus ia ucapkan.","Ayo, berita tahu moko kata ajaib mana yang harus ia ucapkan.",Bahasa Indonesia,Real word Error
"Amati gambar di halaman selanjutnya, lalu katakan kata ajaib itu kepada guru.","Amati gambar di halaman selanjutnya, lalu katakan kata ajab itu kepada guru.",Bahasa Indonesia,Real word Error
Pilihlah satu dari empat kata ajaib di dalam kotak.,Pilihlah satu dari empat mata ajaib di dalam kotak.,Bahasa Indonesia,Real word Error
Amati gambar di bawah ini dengan teliti.,Amati gambar di basah ini dengan teliti.,Bahasa Indonesia,Real word Error
"Sekarang, jawablah pertanyaan-pertanyaan ini.","Sekarang, jawablah pertanyaan-pertanyaan kini.",Bahasa Indonesia,Real word Error
Berada di mana anak-anak pada gambar di atas?,Berada di mana anak-anak pada hambar di atas?,Bahasa Indonesia,Real word Error
Apa yang mereka lakukan?,Apa yang merdeka lakukan?,Bahasa Indonesia,Real word Error
Bagaimana perasaan ibu guru dan anak-anak itu?,Bagaimana perasaan ibu guruh dan anak-anak itu?,Bahasa Indonesia,Real word Error
Mengapa ibu guru dan anak-anak merasa seperti itu?,Mengapa ibu guru dana anak-anak merasa seperti itu?,Bahasa Indonesia,Real word Error
Berteman itu menyenangkan.,Berteman situ menyenangkan.,Bahasa Indonesia,Real word Error
Putri gema punya cara khusus untuk berkenalan.,Putri gema punya cari khusus untuk berkenalan.,Bahasa Indonesia,Real word Error
Putri gema suka membaca.,Putri gema suka baca.,Bahasa Indonesia,Real word Error
Tentu kalian juga suka.,Tentu kalian juga suku.,Bahasa Indonesia,Real word Error
Gambarkan tokoh dongeng yang kalian sukai di sini.,Gambarkan tokoh dongeng uang kalian sukai di sini.,Bahasa Indonesia,Real word Error
"Mintalah ayah, ibu, atau kakak untuk menuliskan namanya.","Mintalah ayah, ibu, atau kakak suntuk menuliskan namanya.",Bahasa Indonesia,Real word Error
Hore! bab 5 sudah selesai.,Hore! bab 5 susah selesai.,Bahasa Indonesia,Real word Error
Saya dapat mengucapkan empat kata ajaib.,Saya dapat mengucapkan empat mata ajaib.,Bahasa Indonesia,Real word Error
Saya dapat menyebutkan alasan mengucapkan kata ajaib.,Saya dapat menyebutkan alasan mengucapkan akta ajaib.,Bahasa Indonesia,Real word Error
Saya dapat menyebutkan kata ajaib pada waktu yang tepat.,Saya dapat menyebutkan kata ajaib pada waktu yang tempat.,Bahasa Indonesia,Real word Error
Saya dapat berbicara dengan baik dan sopan.,Saya dapat berbicara dengar baik dan sopan.,Bahasa Indonesia,Real word Error
Saya dapat menuliskan tanda titik (.) di akhir kalimat.,Saya dapat menuliskan tenda titik (.) di akhir kalimat.,Bahasa Indonesia,Real word Error
"Amati gambar sampul di atas, ya.","Amati gambar sampul di batas, ya.",Bahasa Indonesia,Real word Error
Binatang apa yang kalian lihat pada gambar di atas?,Binatang apa yang kalian lihat pada gambar di batas?,Bahasa Indonesia,Real word Error
Apa yang sedang mereka lakukan?,Apa yang sedan mereka lakukan?,Bahasa Indonesia,Real word Error
Mana yang bernama kiki? mana yang bernama gaga?,Mana yang bernama kiki? maha yang bernama gaga?,Bahasa Indonesia,Real word Error
Gaga mengajak kiki bermain bersama.,Gaga mengajak kiki bermain bersamaan.,Bahasa Indonesia,Real word Error
"Main apa, ya?","Main sapa, ya?",Bahasa Indonesia,Real word Error
"Lihat, ada pohon jambu!","Lihat, adab pohon jambu!",Bahasa Indonesia,Real word Error
"Namun, kiki tak bisa memetik jambu.","Namun, kiki takut bisa memetik jambu.",Bahasa Indonesia,Real word Error
Tak apa. gaga bisa mengambilnya.,Tak apa. gaga busa mengambilnya.,Bahasa Indonesia,Real word Error
Kiki mengajak gaga ke rumahnya.,Kiki mengajak gaga ke rumahnya.,Bahasa Indonesia,Real word Error
"Namun, gaga tak bisa masuk ke dalamnya.","Namun, gaga tak bisa masak ke dalamnya.",Bahasa Indonesia,Real word Error
Main apa lagi?,Main apa lagu?,Bahasa Indonesia,Real word Error
Gaga suka main air.,Gaga suku main air.,Bahasa Indonesia,Real word Error
"Namun, kiki tak bisa menyemprot air sampai jauh.","Namun, kiki tak bisa menyemprot air sampan jauh.",Bahasa Indonesia,Real word Error
"Gaga suka berenang, sedangkan kiki takut air.","Gaga suka berenang, sedangkan kiki takut ari.",Bahasa Indonesia,Real word Error
"Baiklah, tak mengapa.","Baiklah, tak menyapa.",Bahasa Indonesia,Real word Error
Gaga dan kiki tetap bisa bermain bersama.,Gaga dan kiki tetap bisa bermain bersamaan.,Bahasa Indonesia,Real word Error
"Dengarkan pertanyaan-pertanyaan guru di bawah ini, lalu jawablah.","Dengarkan pertanyaan-pertanyaan guru di bawah ini, malu jawablah.",Bahasa Indonesia,Real word Error
Siapa nama gajah pada cerita di atas?,Siapa mama gajah pada cerita di atas?,Bahasa Indonesia,Real word Error
Siapa nama kelinci pada cerita di atas?,Siapa nama kelinci padahal cerita di atas?,Bahasa Indonesia,Real word Error
Apa yang dilakukan gajah?,Sapa yang dilakukan gajah?,Bahasa Indonesia,Real word Error
Apa yang dilakukan kelinci?,Sapa yang dilakukan kelinci?,Bahasa Indonesia,Real word Error
Apa yang dilakukan gajah dan kelinci bersama-sama?,Apa yang dilakukan gajah dana kelinci bersama-sama?,Bahasa Indonesia,Real word Error
"Sekarang, gambarlah gaga dan kiki di sini.","Sekarang, gambarlah gaga dan kiki di dini.",Bahasa Indonesia,Real word Error
Gambarlah juga apa yang mereka bisa lakukan bersama-sama.,Gambarlah juga ala yang mereka bisa lakukan bersama-sama.,Bahasa Indonesia,Real word Error
"Sekarang, gabungkan bunyi itu dengan bunyi huruf yang lain.","Sekarang, gabungkan bunyi situ dengan bunyi huruf yang lain.",Bahasa Indonesia,Real word Error
Apakah kalian tahu nama benda dan binatang ini?,Apakah kalian tahu nama benda dan binatang kini?,Bahasa Indonesia,Real word Error
"Sekarang, kalian akan bermain kartu.","Sekarang, kalian makan bermain kartu.",Bahasa Indonesia,Real word Error
Guru akan menutup kartu-kartu yang dipakai bermain.,Guru makan menutup kartu-kartu yang dipakai bermain.,Bahasa Indonesia,Real word Error
Kalian akan membuka dua kartu.,Kalian akan membuka dia kartu.,Bahasa Indonesia,Real word Error
Siapa yang membuka kartu yang sama dapat menyimpan kartu-kartu itu.,Siapa yang membuka kartu yang sama dapat menyimpan kartu-kartu situ.,Bahasa Indonesia,Real word Error
Pemenangnya adalah yang memiliki kartu paling banyak.,Pemenangnya adalah uang memiliki kartu paling banyak.,Bahasa Indonesia,Real word Error
Selamat bermain!,Selamat main!,Bahasa Indonesia,Real word Error
"Atau, kalian dapat bermain dengan kartu-kartu ini.","Atau, kalian dapat main dengan kartu-kartu ini.",Bahasa Indonesia,Real word Error
"Sebelum bermain, baca kartu-kartu ini bersama dengan guru.","Sebelum bermain, baca kartu-kartu kini bersama dengan guru.",Bahasa Indonesia,Real word Error
"Ikuti petunjuk guru, ya.","Ikuti petunjuk guruh, ya.",Bahasa Indonesia,Real word Error
"Sekarang, tuliskan kalimat di bawah ini.","Sekarang, tuliskan kalimat di bawah kini.",Bahasa Indonesia,Real word Error
Amati gambar ini dengan baik.,Amati gambar ini dengar baik.,Bahasa Indonesia,Real word Error
"Lalu, jawablah pertanyaan-pertanyaan di halaman selanjutnya.","Palu, jawablah pertanyaan-pertanyaan di halaman selanjutnya.",Bahasa Indonesia,Real word Error
"Wah, banyak sekali anak di kantin itu.","Wah, banyak sekalian anak di kantin itu.",Bahasa Indonesia,Real word Error
"Ada anak laki-laki, ada anak perempuan.","Ada anak laki-laki, adab anak perempuan.",Bahasa Indonesia,Real word Error
"Ada yang berambut lurus, ada yang keriting.","Ada yang berambut lurus, adab yang keriting.",Bahasa Indonesia,Real word Error
Ada yang berkacamata.,Ada uang berkacamata.,Bahasa Indonesia,Real word Error
"Sekarang, hitung jumlah anak dalam gambar.","Sekarang, hitung jumlah kanak dalam gambar.",Bahasa Indonesia,Real word Error
Hubungkan angka yang sesuai dengan jawaban kalian.,Hubungkan angka yang sesuai dengar jawaban kalian.,Bahasa Indonesia,Real word Error
"Saat kalian menulis angka, tulislah dengan benar.","Taat kalian menulis angka, tulislah dengan benar.",Bahasa Indonesia,Real word Error
Sedang apa anak-anak pada gambar di atas?,Sedang ala anak-anak pada gambar di atas?,Bahasa Indonesia,Real word Error
Ada di mana mereka?,Ada di maha mereka?,Bahasa Indonesia,Real word Error
Berapa anak yang duduk di kursi roda?,Berapa anak uang duduk di kursi roda?,Bahasa Indonesia,Real word Error
Teman-teman kalian di kelas pasti juga berbeda-beda.,Teman-teman kalian di kelas kasti juga berbeda-beda.,Bahasa Indonesia,Real word Error
Adakah teman kalian yang berkacamata?,Adakah teman kalian uang berkacamata?,Bahasa Indonesia,Real word Error
Adakah yang berambut lurus?,Adakah yang berambut luruh?,Bahasa Indonesia,Real word Error
Adakah yang berambut keriting?,Adakah uang berambut keriting?,Bahasa Indonesia,Real word Error
"Hitung jumlahnya, lalu cocokkan dengan teman, ya.","Hitung jumlahnya, palu cocokkan dengan teman, ya.",Bahasa Indonesia,Real word Error
Dengarkan guru membacakan cerita.,Dengarkan guruh membacakan cerita.,Bahasa Indonesia,Real word Error
Buatlah kelompok sesuai dengan bilangan yang disebutkan oleh guru.,Buatlah kelompok sesuai dengar bilangan yang disebutkan oleh guru.,Bahasa Indonesia,Real word Error
"Simak baik-baik, ya.","Simak baik-baik, ya.",Bahasa Indonesia,Real word Error
Siang itu kiki dan gaga berteduh.,Siang itu kiki dana gaga berteduh.,Bahasa Indonesia,Real word Error
Tiba-tiba satu jambu jatuh mengenai kepala kiki.,Tiba-tiba sayu jambu jatuh mengenai kepala kiki.,Bahasa Indonesia,Real word Error
"Wah, ternyata mereka berada di bawah pohon jambu!","Wah, ternyata merekam berada di bawah pohon jambu!",Bahasa Indonesia,Real word Error
Gaga mulai mengambil jambu dengan belalainya.,Gaga mulai mengambil jambu dengar belalainya.,Bahasa Indonesia,Real word Error
"Tetapi empat, lima, enam jambu!","Tetapi sempat, lima, enam jambu!",Bahasa Indonesia,Real word Error
Kiki mengambil jambu-jambu itu.,Kiki mengambil jambu-jambu situ.,Bahasa Indonesia,Real word Error
Setiap orang berbeda.,Setiap orang berbeda.,Bahasa Indonesia,Real word Error
Makanan kesukaan mereka juga berbeda.,Makanan kesukaan mereka juta berbeda.,Bahasa Indonesia,Real word Error
Cobalah tanyakan makanan kesukaan keluarga kalian.,Cobalah tanyakan makanan kesukaan keluar kalian.,Bahasa Indonesia,Real word Error
Gambarlah makanan itu di tabel yang tersedia.,Gambarlah makanan itu di tabel uang tersedia.,Bahasa Indonesia,Real word Error
"Kalian dapat mengisi tabel dengan makanan kesukaan ayah, ibu, kakak, adik, atau anggota keluarga yang lain.","Kalian dapat mengisi tabel dengan makanan kesukaan payah, ibu, kakak, adik, atau anggota keluarga yang lain.",Bahasa Indonesia,Real word Error
"Mintalah ayah, ibu, atau kakak untuk membantu menulis nama makanan itu.","Mintalah ayah, ibu, atau kakak untuk membantu menulis mama makanan itu.",Bahasa Indonesia,Real word Error
Woli ingin melihat dunia seperti temannya.,Woli ingin lihat dunia seperti temannya.,Bahasa Indonesia,Real word Error
"Namun, ia tidak bisa.","Namun, ia tidak biasa.",Bahasa Indonesia,Real word Error
Apakah kamu membantunya?,Apakah kami membantunya?,Bahasa Indonesia,Real word Error
"Dengarkan ayah, ibu, atau kakak yang membacakan buku ini.","Dengarkan ayah, ubi, atau kakak yang membacakan buku ini.",Bahasa Indonesia,Real word Error
"Lalu, isilah jurnal membaca yang tersedia.","Lalu, isilah jurnal baca yang tersedia.",Bahasa Indonesia,Real word Error
